{
  "accuracy": 0.5881147540983607,
  "finger_accuracy": 0.7915983606557377,
  "precision_macro": 0.6832801082390884,
  "recall_macro": 0.7185948477751756,
  "f1_macro": 0.698296918438505,
  "auprc_macro": 0.7866025598670952,
  "auroc_macro": 0.8701812147660037,
  "auprc_micro": 0.7795449633675654,
  "auroc_micro": 0.8672852495825626,
  "per_finger": {
    "finger_0": {
      "precision": 0.747922437672923,
      "recall": 0.6323185011708121,
      "f1": 0.6852791877674357,
      "auprc": 0.7540855771276701,
      "auroc": 0.8257295572533412
    },
    "finger_1": {
      "precision": 0.7062499999997793,
      "recall": 0.7409836065571341,
      "f1": 0.7231999999497974,
      "auprc": 0.830166317769825,
      "auroc": 0.8949549241406268
    },
    "finger_2": {
      "precision": 0.6501457725945626,
      "recall": 0.7311475409833669,
      "f1": 0.6882716048882311,
      "auprc": 0.7787879723754388,
      "auroc": 0.8807554176541008
    },
    "finger_3": {
      "precision": 0.6609195402296951,
      "recall": 0.7540983606554905,
      "f1": 0.7044410412976274,
      "auprc": 0.7881300039076398,
      "auroc": 0.8795045320172973
    },
    "finger_4": {
      "precision": 0.6511627906974852,
      "recall": 0.734426229507956,
      "f1": 0.6902927580393361,
      "auprc": 0.781842928154902,
      "auroc": 0.8699616427646526
    }
  }
}