{
  "loss": 0.6182139171494379,
  "accuracy": 0.5402777777777777,
  "finger_accuracy": 0.7772222222222223,
  "precision_macro": 0.6662543948206323,
  "recall_macro": 0.6774603174603174,
  "f1_macro": 0.6716156495901249,
  "auprc_macro": 0.7519383785370565,
  "auroc_macro": 0.822331020968058,
  "auprc_micro": 0.7544573519422361,
  "auroc_micro": 0.8264071572154499,
  "per_finger": {
    "finger_0": {
      "accuracy": 0.7194444444444444,
      "precision": 0.6727828746175313,
      "recall": 0.6984126984124768,
      "f1": 0.6853582554015174,
      "auprc": 0.6819655917796114,
      "auroc": 0.7660748579267097
    },
    "finger_1": {
      "accuracy": 0.8055555555555556,
      "precision": 0.6793248945144813,
      "recall": 0.7155555555552375,
      "f1": 0.6969696969194289,
      "auprc": 0.8002359406806154,
      "auroc": 0.8508103254769921
    },
    "finger_2": {
      "accuracy": 0.7902777777777777,
      "precision": 0.6666666666663664,
      "recall": 0.6577777777774855,
      "f1": 0.6621923936857239,
      "auprc": 0.7590951767717491,
      "auroc": 0.8340650953984289
    },
    "finger_3": {
      "accuracy": 0.7902777777777777,
      "precision": 0.6581196581193769,
      "recall": 0.6844444444441403,
      "f1": 0.6710239650913392,
      "auprc": 0.761549209245411,
      "auroc": 0.8384736251402918
    },
    "finger_4": {
      "accuracy": 0.7805555555555556,
      "precision": 0.6543778801840303,
      "recall": 0.6311111111108306,
      "f1": 0.6425339366013094,
      "auprc": 0.7568459742078952,
      "auroc": 0.8222312008978676
    }
  }
}