{
  "epoch": [
    1,
    2,
    3,
    4,
    5,
    6,
    7,
    8,
    9,
    10,
    11,
    12,
    13,
    14,
    15,
    16,
    17,
    18,
    19,
    20,
    21,
    22,
    23,
    24,
    25,
    26,
    27,
    28,
    29,
    30,
    31,
    32,
    33,
    34,
    35,
    36,
    37,
    38,
    39,
    40,
    41,
    42,
    43,
    44,
    45,
    46,
    47,
    48,
    49,
    50,
    51,
    52,
    53,
    54,
    55,
    56,
    57,
    58,
    59,
    60,
    61,
    62
  ],
  "train_loss": [
    0.9188822306782366,
    0.8524044867021492,
    0.8127521585269146,
    0.7656275500734169,
    0.7330906190067888,
    0.733338627470545,
    0.7028960959020868,
    0.6813270869743393,
    0.685728830027293,
    0.680959779095937,
    0.6523611893854946,
    0.643215252692441,
    0.645098371678088,
    0.6156669664813812,
    0.6285933931189848,
    0.6097604118915926,
    0.6120000136903969,
    0.6039752669363136,
    0.6236034793307982,
    0.5927143290818456,
    0.577622342181493,
    0.5802446435014885,
    0.5811211754040546,
    0.5494213660797441,
    0.5584126718073006,
    0.5517140942883779,
    0.5386212583047798,
    0.5248408260115658,
    0.5359066272356424,
    0.5246957185038601,
    0.5180365892059832,
    0.524258944284485,
    0.5225716613861452,
    0.5029822526926018,
    0.5274570016975862,
    0.5115188870085291,
    0.4909801167177867,
    0.5300780215177191,
    0.49461336272308626,
    0.5014591619192835,
    0.5463373571275228,
    0.48992588290249006,
    0.4789562207388591,
    0.46462324010320455,
    0.44943388578403426,
    0.4693765572036605,
    0.5086424444095198,
    0.44486558527113446,
    0.43556269931505964,
    0.416296592139336,
    0.43068356919719514,
    0.41228474694562245,
    0.4131994114582797,
    0.428460995655462,
    0.4166153360562152,
    0.4193214393523802,
    0.4174875419542014,
    0.40969893982611505,
    0.4061160030135189,
    0.3937212322131697,
    0.3806312847209264,
    0.38192992109850227
  ],
  "val_loss": [
    0.6367973486582438,
    0.6035792739303024,
    0.6641887360148959,
    0.5138275181805646,
    0.49119235078493756,
    0.5280722578366598,
    0.5178245350166604,
    0.5872943533791436,
    0.5938075449731615,
    0.48615591835092614,
    0.5033675056916697,
    0.48573571885073624,
    0.5670774777730306,
    0.4747692589406614,
    0.5440453158484565,
    0.46371552016999984,
    0.5820655800678112,
    0.5245196134955795,
    0.44809661750440244,
    0.4528967296635663,
    0.4418724223419472,
    0.4276033507453071,
    0.4507968348485452,
    0.43784892559051514,
    0.4750075373384688,
    0.4440508308234038,
    0.431892274706452,
    0.46947485981164155,
    0.47998922621762313,
    0.45102732269852247,
    0.43572181352862605,
    0.43046692455256425,
    0.4356820991745702,
    0.49888792634010315,
    0.5842561964635495,
    0.4820972736235018,
    0.4497940805223253,
    0.4252765995484811,
    0.4623236854871114,
    0.6044710984936467,
    0.5553386542532179,
    0.47160065836376613,
    0.4277928007973565,
    0.44550185402234393,
    0.46000831325848895,
    0.5116877003952309,
    0.47283201195575575,
    0.44539168697816356,
    0.47877765143359147,
    0.4808769568249031,
    0.4546434415711297,
    0.48366824675489356,
    0.48985837786285963,
    0.489361055471279,
    0.5087166406490184,
    0.5411993364493052,
    0.49599457890899096,
    0.48576974979153387,
    0.5089792090433615,
    0.5191454997769108,
    0.49675716404561643,
    0.5154071880711449
  ],
  "val_f1": [
    0.631666497726361,
    0.651684994391009,
    0.5989694246732118,
    0.6621964927880334,
    0.6840571187643514,
    0.6512127304710491,
    0.648322377355351,
    0.6110033717813865,
    0.5882679307832014,
    0.708457364742829,
    0.6331611754914122,
    0.6653903331713943,
    0.6439647208635606,
    0.6889212308195253,
    0.6463793712774428,
    0.6633821391654025,
    0.6272785115590622,
    0.6418259484069988,
    0.6925697686482001,
    0.6649643000531935,
    0.6964518069677605,
    0.7066779760420117,
    0.690789710403729,
    0.6855018480064781,
    0.660960792046912,
    0.6775598621789436,
    0.6928950384279172,
    0.6869669428673231,
    0.6911808195158764,
    0.6809109992629554,
    0.6678702660243384,
    0.7479512470518787,
    0.7010280655114642,
    0.7101551137582789,
    0.613050634225939,
    0.6804025188207476,
    0.7267793546771569,
    0.7417108501827931,
    0.6236767800343797,
    0.6845181197075979,
    0.6820994417225986,
    0.7084749774346557,
    0.6931514931047589,
    0.7137722276503226,
    0.6562553619666338,
    0.5902575434286643,
    0.6738783526571961,
    0.6377182666498236,
    0.6498553671252303,
    0.642943859116488,
    0.6567045696173525,
    0.6577960844474301,
    0.6601986984231349,
    0.6308401150596905,
    0.5851384082212512,
    0.6073229422753943,
    0.6323471300473054,
    0.6346395922713717,
    0.6862424421107038,
    0.622900101333084,
    0.6342185466934394,
    0.6597769823521001
  ],
  "val_finger_accuracy": [
    0.7180555555555557,
    0.7078703703703704,
    0.5837962962962963,
    0.7527777777777778,
    0.7587962962962963,
    0.7074074074074074,
    0.7152777777777777,
    0.6263888888888889,
    0.6226851851851851,
    0.7666666666666666,
    0.736574074074074,
    0.7425925925925927,
    0.6699074074074074,
    0.7763888888888888,
    0.7027777777777777,
    0.787037037037037,
    0.6398148148148148,
    0.711574074074074,
    0.7930555555555555,
    0.7875,
    0.7912037037037037,
    0.8050925925925926,
    0.7949074074074074,
    0.7953703703703704,
    0.7657407407407408,
    0.7939814814814815,
    0.8055555555555556,
    0.7805555555555557,
    0.7819444444444444,
    0.787962962962963,
    0.798148148148148,
    0.8143518518518519,
    0.7967592592592593,
    0.7689814814814815,
    0.6699074074074074,
    0.774537037037037,
    0.825,
    0.8111111111111111,
    0.7925925925925925,
    0.7120370370370371,
    0.7449074074074075,
    0.7962962962962962,
    0.812037037037037,
    0.8069444444444445,
    0.7842592592592592,
    0.7722222222222223,
    0.7796296296296296,
    0.7828703703703703,
    0.7814814814814814,
    0.7787037037037037,
    0.7893518518518519,
    0.7819444444444443,
    0.7842592592592592,
    0.7842592592592592,
    0.774537037037037,
    0.7722222222222221,
    0.7768518518518518,
    0.7916666666666667,
    0.7787037037037037,
    0.7828703703703702,
    0.7916666666666667,
    0.7916666666666666
  ]
}