{
  "accuracy": 0.5799180327868853,
  "finger_accuracy": 0.7940573770491803,
  "precision_macro": 0.6906781716324486,
  "recall_macro": 0.7076346604215457,
  "f1_macro": 0.6983877236745005,
  "auprc_macro": 0.7579027365903894,
  "auroc_macro": 0.8554652836190059,
  "auprc_micro": 0.7652411872898639,
  "auroc_micro": 0.8586469113767011,
  "per_finger": {
    "finger_0": {
      "precision": 0.7128463476068734,
      "recall": 0.6627634660419994,
      "f1": 0.6868932038333948,
      "auprc": 0.6739939675312321,
      "auroc": 0.7938982096466645
    },
    "finger_1": {
      "precision": 0.7193548387094454,
      "recall": 0.7311475409833669,
      "f1": 0.7252032519822877,
      "auprc": 0.8212884017857733,
      "auroc": 0.8933571131904913
    },
    "finger_2": {
      "precision": 0.6627906976742259,
      "recall": 0.7475409836063123,
      "f1": 0.7026194144337853,
      "auprc": 0.7761754030177304,
      "auroc": 0.8714568420023944
    },
    "finger_3": {
      "precision": 0.694968553458901,
      "recall": 0.7245901639341887,
      "f1": 0.7094703049257169,
      "auprc": 0.7717442149582604,
      "auroc": 0.8720725122767585
    },
    "finger_4": {
      "precision": 0.6634304207117594,
      "recall": 0.6721311475407633,
      "f1": 0.6677524429465274,
      "auprc": 0.7463116956589506,
      "auroc": 0.8465417409787204
    }
  }
}