{
  "loss": 0.49682217836380005,
  "accuracy": 0.515625,
  "finger_accuracy": 0.7734375,
  "precision_macro": 0.6258254610886189,
  "recall_macro": 0.8110714285714286,
  "f1_macro": 0.7054633928483764,
  "auprc_macro": 0.7685133654400871,
  "auroc_macro": 0.862947555916306,
  "auprc_micro": 0.7534425178295792,
  "auroc_micro": 0.8605187587351504,
  "per_finger": {
    "finger_0": {
      "accuracy": 0.7265625,
      "precision": 0.6458333333328848,
      "recall": 0.8303571428564015,
      "f1": 0.7265624999502136,
      "auprc": 0.6870981605232118,
      "auroc": 0.7966269841269842
    },
    "finger_1": {
      "accuracy": 0.78125,
      "precision": 0.6111111111105453,
      "recall": 0.8249999999989688,
      "f1": 0.7021276595248302,
      "auprc": 0.7982998133599822,
      "auroc": 0.8915482954545455
    },
    "finger_2": {
      "accuracy": 0.79296875,
      "precision": 0.6153846153840894,
      "recall": 0.899999999998875,
      "f1": 0.7309644669560977,
      "auprc": 0.8435234576660968,
      "auroc": 0.9092329545454545
    },
    "finger_3": {
      "accuracy": 0.80078125,
      "precision": 0.6526315789466814,
      "recall": 0.7749999999990312,
      "f1": 0.7085714285209861,
      "auprc": 0.7755197314524263,
      "auroc": 0.8793323863636363
    },
    "finger_4": {
      "accuracy": 0.765625,
      "precision": 0.6041666666660374,
      "recall": 0.7249999999990937,
      "f1": 0.6590909090405734,
      "auprc": 0.7381256641987183,
      "auroc": 0.8379971590909091
    }
  }
}