{
  "epoch": [
    1,
    2,
    3,
    4,
    5,
    6,
    7,
    8,
    9,
    10,
    11,
    12,
    13,
    14,
    15,
    16,
    17,
    18,
    19,
    20,
    21,
    22,
    23,
    24,
    25,
    26,
    27,
    28,
    29,
    30,
    31,
    32,
    33,
    34,
    35,
    36,
    37,
    38,
    39,
    40,
    41,
    42,
    43,
    44,
    45,
    46,
    47,
    48,
    49,
    50,
    51,
    52
  ],
  "train_loss": [
    0.9393057694801917,
    0.9217556430743291,
    0.8842221736907959,
    0.8060238526417659,
    0.7487832601253803,
    0.7236158939508291,
    0.6783658834604117,
    0.6619407048592201,
    0.6320614062822782,
    0.6060728329878587,
    0.596400288435129,
    0.6040907213321098,
    0.5777127403479356,
    0.5733226317625779,
    0.5720527007029607,
    0.5723048613621639,
    0.5605868238669175,
    0.554353482906635,
    0.5595225655115568,
    0.5359892634245066,
    0.5194816195047819,
    0.5066394998477055,
    0.4913557364390447,
    0.5050339428278116,
    0.5095916720537039,
    0.49425776325739346,
    0.5360489368438721,
    0.5239139309296241,
    0.5179778713446397,
    0.5165400321667011,
    0.4823755768629221,
    0.4848183686916645,
    0.4866219121676225,
    0.4622119440482213,
    0.4520900221971365,
    0.46567603120437034,
    0.4351104479569655,
    0.4309332902614887,
    0.43286257890554575,
    0.43215623589662405,
    0.44958134706203756,
    0.4258637501643254,
    0.48916834409420307,
    0.4229014713030595,
    0.398727207000439,
    0.3977600579078381,
    0.38393979164270253,
    0.37818465645496663,
    0.38321374081648313,
    0.3762685253069951,
    0.3701453639910771,
    0.4008495032787323
  ],
  "val_loss": [
    0.6792813301086426,
    0.6602904558181762,
    0.6208879470825195,
    0.6015002131462097,
    0.530029296875,
    0.5191188097000122,
    0.5439439654350281,
    0.49433289766311644,
    0.5347236394882202,
    0.5158633112907409,
    0.4538924217224121,
    0.5505204677581788,
    0.4795639455318451,
    0.44815173745155334,
    0.4229203939437866,
    0.452505362033844,
    0.47812180519104003,
    0.4427464246749878,
    0.45346384048461913,
    0.44382593035697937,
    0.47495144605636597,
    0.43312427401542664,
    0.4589842438697815,
    0.46303718686103823,
    0.5076033353805542,
    0.4693410277366638,
    0.45812646150588987,
    0.4722707271575928,
    0.45800262689590454,
    0.43806991577148435,
    0.4667773604393005,
    0.47168469429016113,
    0.46420266628265383,
    0.46486746072769164,
    0.4685828685760498,
    0.4526664733886719,
    0.4847540855407715,
    0.4670496940612793,
    0.46807175874710083,
    0.5250284075737,
    0.4666259765625,
    0.46260169744491575,
    0.4813916444778442,
    0.49718981981277466,
    0.5103754758834839,
    0.4982069253921509,
    0.5062550067901611,
    0.49619446992874144,
    0.49258713722229003,
    0.516730809211731,
    0.5199434518814087,
    0.5173301696777344
  ],
  "val_f1": [
    0.4421697156444885,
    0.4981682944419319,
    0.6181491128842722,
    0.6121236538694765,
    0.5856333747755215,
    0.6416538558965386,
    0.6626285442219805,
    0.6301269730071813,
    0.682534766118837,
    0.680817621250136,
    0.6674236871798456,
    0.6496217413774171,
    0.6861299891402985,
    0.6603806339507037,
    0.7238827270038449,
    0.699802303976217,
    0.7267963374028857,
    0.7409517422330468,
    0.7448486491370743,
    0.7217287445810847,
    0.7322019925938987,
    0.7452827958083892,
    0.7421427306287315,
    0.7167488833620455,
    0.7293876518193564,
    0.7228736902816495,
    0.6657366744166021,
    0.7285855735451218,
    0.7418646900661289,
    0.694096894287296,
    0.7217628206816,
    0.72135700243344,
    0.7504417678264645,
    0.6821884534276471,
    0.694076493546224,
    0.6948083831062555,
    0.7290323017264132,
    0.6877789448094721,
    0.6718232964834614,
    0.6515571433682237,
    0.6961201199765938,
    0.6831118472776393,
    0.7361845342840383,
    0.749624709252245,
    0.7273728285524392,
    0.7200514258999533,
    0.7131327965429347,
    0.7032943750628593,
    0.714068919744757,
    0.7138436659494382,
    0.678608651936845,
    0.685810884049966
  ],
  "val_finger_accuracy": [
    0.6775,
    0.7024999999999999,
    0.6925,
    0.6625000000000001,
    0.7375,
    0.75875,
    0.73625,
    0.7649999999999999,
    0.7575000000000001,
    0.75125,
    0.8024999999999999,
    0.7125,
    0.7849999999999999,
    0.81375,
    0.81875,
    0.8074999999999999,
    0.8025,
    0.8200000000000001,
    0.8162499999999999,
    0.83125,
    0.8025,
    0.83625,
    0.82125,
    0.8175000000000001,
    0.7899999999999999,
    0.80375,
    0.8099999999999999,
    0.8075000000000001,
    0.8262500000000002,
    0.82125,
    0.8012500000000001,
    0.8162499999999999,
    0.835,
    0.8087500000000001,
    0.8087500000000001,
    0.8087500000000001,
    0.81125,
    0.80375,
    0.7962499999999999,
    0.7575,
    0.8175000000000001,
    0.8125,
    0.8262499999999999,
    0.8299999999999998,
    0.8175000000000001,
    0.8162499999999999,
    0.81125,
    0.82,
    0.8237500000000001,
    0.81125,
    0.8149999999999998,
    0.8075000000000001
  ]
}