{
  "loss": 0.4717249069057527,
  "accuracy": 0.5430327868852459,
  "finger_accuracy": 0.775,
  "precision_macro": 0.6492745283635877,
  "recall_macro": 0.718032786885246,
  "f1_macro": 0.6817338429960584,
  "auprc_macro": 0.7318897013521655,
  "auroc_macro": 0.8559174111445007,
  "auprc_micro": 0.7323447807340923,
  "auroc_micro": 0.8562852046978348,
  "per_finger": {
    "finger_0": {
      "precision": 0.6769230769229282,
      "recall": 0.7213114754096671,
      "f1": 0.6984126983625905,
      "auprc": 0.7165580861484555,
      "auroc": 0.8204485054794111
    },
    "finger_1": {
      "precision": 0.6657303370784647,
      "recall": 0.7770491803276142,
      "f1": 0.7170953100862382,
      "auprc": 0.7702162935466037,
      "auroc": 0.8807261000219881
    },
    "finger_2": {
      "precision": 0.6474164133736634,
      "recall": 0.698360655737476,
      "f1": 0.6719242901706798,
      "auprc": 0.7405458067389085,
      "auroc": 0.8681781534778041
    },
    "finger_3": {
      "precision": 0.651651651651456,
      "recall": 0.7114754098358324,
      "f1": 0.6802507836489426,
      "auprc": 0.7331622253865249,
      "auroc": 0.8686618944076616
    },
    "finger_4": {
      "precision": 0.6046511627905219,
      "recall": 0.6819672131145306,
      "f1": 0.6409861324615392,
      "auprc": 0.6989660949403349,
      "auroc": 0.841572402335638
    }
  }
}