{
  "epoch": [
    1,
    2,
    3,
    4,
    5,
    6,
    7,
    8,
    9,
    10,
    11,
    12,
    13,
    14,
    15,
    16,
    17,
    18,
    19,
    20,
    21,
    22,
    23,
    24,
    25,
    26,
    27,
    28,
    29,
    30,
    31,
    32,
    33
  ],
  "train_loss": [
    0.737303411289727,
    0.6519588007555379,
    0.6164386419506817,
    0.5933391766630726,
    0.57479173486883,
    0.5622127915357614,
    0.5442888975401461,
    0.5406976133197933,
    0.5494070349833666,
    0.517331401249031,
    0.5125311654367488,
    0.5052390724291533,
    0.5030881289021794,
    0.4814442167808483,
    0.49096258403934956,
    0.4746865061196414,
    0.4518403443165156,
    0.45750363229157087,
    0.4385257577483272,
    0.41298528512318927,
    0.41857021879324147,
    0.40494871526569515,
    0.4044840079107326,
    0.38482852351097835,
    0.3943000410026286,
    0.38332835136553944,
    0.35616476221002025,
    0.37854654758007494,
    0.36713178655801915,
    0.3586439374205354,
    0.33497498729528286,
    0.3326526956382768,
    0.33892957885544023
  ],
  "val_loss": [
    0.717516303062439,
    0.4799934931703516,
    0.6088359710332509,
    0.5752132905496133,
    0.6947999854345579,
    0.486148798787916,
    0.5021432364309156,
    0.47266281134373433,
    0.6232541284045657,
    0.9083538216513556,
    0.8858043607827779,
    0.6421491455387425,
    0.5820995069838859,
    0.5971353311796446,
    0.5749879237767812,
    0.5029473320857899,
    0.5208108521796562,
    0.7718501574284321,
    1.2687607971397605,
    0.5442473421225676,
    0.900105987046216,
    0.5423638675663922,
    0.7863355488390535,
    0.590024830521764,
    0.5390395054946074,
    0.5230304856558103,
    0.7080159928347614,
    0.671971810830606,
    0.5821042576351682,
    0.5073847303519378,
    0.5325742605570201,
    0.580153772959838,
    0.5340186470263714
  ],
  "val_f1": [
    0.583626611548509,
    0.7019552631672517,
    0.4902496161606993,
    0.5196344581802238,
    0.44096584643644104,
    0.6658402275186807,
    0.6609501246416918,
    0.7067032564440251,
    0.62130223618691,
    0.403053452766265,
    0.5990851256194062,
    0.5143120786488291,
    0.6429061435895774,
    0.6036967582000401,
    0.6598023940152531,
    0.6752561316625972,
    0.6792465543812836,
    0.6064509336805173,
    0.5590615590944965,
    0.6726271277925893,
    0.40042912906880235,
    0.6596441424459234,
    0.4802501446583466,
    0.6871354485796215,
    0.6479943216442786,
    0.6659804253583006,
    0.6672999160852775,
    0.6420142528227124,
    0.6579077520258073,
    0.6853626512027075,
    0.6814733648976696,
    0.6695411170109842,
    0.666710861515052
  ]
}