{
  "accuracy": 0.5512295081967213,
  "finger_accuracy": 0.7938524590163935,
  "precision_macro": 0.7029926676823828,
  "recall_macro": 0.6784074941451991,
  "f1_macro": 0.6898044549730342,
  "auprc_macro": 0.7260417199930574,
  "auroc_macro": 0.8301699996083227,
  "auprc_micro": 0.7318306595627291,
  "auroc_micro": 0.8329903125986549,
  "per_finger": {
    "finger_0": {
      "precision": 0.6860986547083664,
      "recall": 0.7166276346602537,
      "f1": 0.7010309277849146,
      "auprc": 0.6431030308207845,
      "auroc": 0.7687044359981742
    },
    "finger_1": {
      "precision": 0.7454545454542744,
      "recall": 0.6721311475407633,
      "f1": 0.706896551674028,
      "auprc": 0.7620516453630376,
      "auroc": 0.8367740832132126
    },
    "finger_2": {
      "precision": 0.7362637362634666,
      "recall": 0.6590163934424069,
      "f1": 0.6955017300537188,
      "auprc": 0.7588011324519667,
      "auroc": 0.8595441108206494
    },
    "finger_3": {
      "precision": 0.6923076923074608,
      "recall": 0.6786885245899414,
      "f1": 0.6854304635259371,
      "auprc": 0.753767017239894,
      "auroc": 0.8576384647333317
    },
    "finger_4": {
      "precision": 0.6548387096772081,
      "recall": 0.6655737704915851,
      "f1": 0.6601626015758049,
      "auprc": 0.7124857740896045,
      "auroc": 0.8281889032762455
    }
  }
}