{
  "accuracy": 0.5686475409836066,
  "finger_accuracy": 0.7948770491803279,
  "precision_macro": 0.7157636722827332,
  "recall_macro": 0.6513348946135832,
  "f1_macro": 0.681366247221664,
  "auprc_macro": 0.7670313025340585,
  "auroc_macro": 0.8515782309601174,
  "auprc_micro": 0.7672339558944999,
  "auroc_micro": 0.8535447009634817,
  "per_finger": {
    "finger_0": {
      "precision": 0.7163814180927344,
      "recall": 0.6861826697890665,
      "f1": 0.7009569377488986,
      "auprc": 0.7480644571316799,
      "auroc": 0.8081928820977463
    },
    "finger_1": {
      "precision": 0.7738095238092167,
      "recall": 0.6393442622948724,
      "f1": 0.7001795331638457,
      "auprc": 0.809190116878472,
      "auroc": 0.8846497764530551
    },
    "finger_2": {
      "precision": 0.7169811320752012,
      "recall": 0.6229508196719269,
      "f1": 0.666666666616679,
      "auprc": 0.7651343177070895,
      "auroc": 0.859548997092668
    },
    "finger_3": {
      "precision": 0.6982456140348428,
      "recall": 0.6524590163932287,
      "f1": 0.6745762711362695,
      "auprc": 0.7646885939570531,
      "auroc": 0.8603894358798955
    },
    "finger_4": {
      "precision": 0.6734006734004467,
      "recall": 0.6557377049178178,
      "f1": 0.664451827192313,
      "auprc": 0.7480790269959983,
      "auroc": 0.8451100632772228
    }
  }
}