{
  "loss": 0.4640917905041429,
  "accuracy": 0.5737704918032787,
  "finger_accuracy": 0.7719262295081967,
  "precision_macro": 0.6584205418998985,
  "recall_macro": 0.6789695550351288,
  "f1_macro": 0.6671623742302414,
  "auprc_macro": 0.7348458129297684,
  "auroc_macro": 0.8367083589765667,
  "auprc_micro": 0.7369048749723879,
  "auroc_micro": 0.8377420840899414,
  "per_finger": {
    "finger_0": {
      "precision": 0.6920980926428633,
      "recall": 0.5948477751755047,
      "f1": 0.6397984886151118,
      "auprc": 0.6432167240206133,
      "auroc": 0.7680816302154653
    },
    "finger_1": {
      "precision": 0.675757575757371,
      "recall": 0.7311475409833669,
      "f1": 0.7023622046742657,
      "auprc": 0.7891148604075868,
      "auroc": 0.8683736043585547
    },
    "finger_2": {
      "precision": 0.6625766871163612,
      "recall": 0.7081967213112432,
      "f1": 0.684627575227176,
      "auprc": 0.7600184854386935,
      "auroc": 0.8587916249297598
    },
    "finger_3": {
      "precision": 0.668749999999791,
      "recall": 0.7016393442620651,
      "f1": 0.6847999999498096,
      "auprc": 0.7580994554123591,
      "auroc": 0.8594805892844055
    },
    "finger_4": {
      "precision": 0.5929203539821261,
      "recall": 0.6590163934424069,
      "f1": 0.6242236024344175,
      "auprc": 0.7237795393695888,
      "auroc": 0.8288143460946471
    }
  }
}