{
  "epoch": [
    1,
    2,
    3,
    4,
    5,
    6,
    7,
    8,
    9,
    10,
    11,
    12,
    13,
    14,
    15,
    16,
    17,
    18,
    19,
    20,
    21,
    22,
    23,
    24,
    25,
    26,
    27,
    28,
    29,
    30,
    31,
    32,
    33,
    34,
    35,
    36
  ],
  "train_loss": [
    1.3598141414778573,
    0.8229174077252805,
    0.7894320000301708,
    0.7610856289471383,
    0.7406936664601941,
    0.7133833381520721,
    0.6905424765178135,
    0.6708150965310794,
    0.6715868677927818,
    0.6652785392550679,
    0.6821432985784688,
    0.657895374865759,
    0.6383123245590177,
    0.6380429987783556,
    0.6418651672668787,
    0.615985069182012,
    0.622297546048185,
    0.6211604610149994,
    0.6320154599813156,
    0.6118400143338488,
    0.6019128230743078,
    0.6127184430758158,
    0.5868236608319468,
    0.5889765132557262,
    0.58288614342223,
    0.5819236006571616,
    0.5696057274744109,
    0.5700431708649639,
    0.5720827669808359,
    0.5590127180149029,
    0.5755897450756717,
    0.56046815016569,
    0.556206294468471,
    0.5492639595812018,
    0.5445221876685238,
    0.5448365915905345
  ],
  "val_loss": [
    0.5870502768336116,
    0.5651883466823681,
    0.5602584706770407,
    0.5634823280411798,
    0.4986003975610475,
    0.4965785339071944,
    0.517077036806055,
    0.5124096177719735,
    0.49129722247252594,
    0.574896659400012,
    0.46105174277279826,
    0.47660420069823395,
    0.4692678838162809,
    0.5018194946082862,
    0.5057255835146517,
    0.4951352042120856,
    0.4620477122229499,
    0.48020753506067637,
    0.5098848278458054,
    0.4738066583066373,
    0.47618574870599284,
    0.48586727799596013,
    0.47962479655807083,
    0.47545429017092733,
    0.46319214878855525,
    0.4876755298794927,
    0.4749049286584596,
    0.48521769852251617,
    0.479593001507424,
    0.48465871488725815,
    0.48046365783021255,
    0.47919774699855494,
    0.48590866456160675,
    0.48426294004594955,
    0.48939719715633906,
    0.47509686528025447
  ],
  "val_f1": [
    0.5654352219920078,
    0.6570071395130889,
    0.6866504067573945,
    0.675116789705296,
    0.7038269177739475,
    0.6659210928399657,
    0.6446168118417264,
    0.6747407552833539,
    0.6748579979697901,
    0.6449788578266096,
    0.7110907088820482,
    0.6923960850643629,
    0.6991411342544988,
    0.46666966180328495,
    0.6795878777477438,
    0.6833881487972098,
    0.6729415677843243,
    0.658515764764774,
    0.6520593311922237,
    0.7049371102005546,
    0.6831668360799174,
    0.6842171612119196,
    0.6888654931158718,
    0.6993452519739705,
    0.6860604997837567,
    0.6917349320654125,
    0.6777407933582313,
    0.6438833727353878,
    0.6628365655715938,
    0.6838261479548938,
    0.6605198580550236,
    0.7047198771806892,
    0.67871978442189,
    0.6771866549283898,
    0.6338098996211892,
    0.6877664367396569
  ]
}