{
  "loss": 0.5451552404297723,
  "accuracy": 0.6027777777777777,
  "finger_accuracy": 0.8027777777777778,
  "precision_macro": 0.7721680885594697,
  "recall_macro": 0.6050793650793651,
  "f1_macro": 0.6740090016074471,
  "auprc_macro": 0.8076125548856513,
  "auroc_macro": 0.87455966365596,
  "auprc_micro": 0.8033031884439921,
  "auroc_micro": 0.8736727316648117,
  "per_finger": {
    "finger_0": {
      "accuracy": 0.7347222222222223,
      "precision": 0.8333333333328854,
      "recall": 0.4920634920633359,
      "f1": 0.6187624750029682,
      "auprc": 0.8157127750102922,
      "auroc": 0.8635547717029199
    },
    "finger_1": {
      "accuracy": 0.8680555555555556,
      "precision": 0.8779069767436757,
      "recall": 0.6711111111108129,
      "f1": 0.7607052896230521,
      "auprc": 0.8629438631286818,
      "auroc": 0.9061638608305275
    },
    "finger_2": {
      "accuracy": 0.8097222222222222,
      "precision": 0.7528735632179582,
      "recall": 0.5822222222219635,
      "f1": 0.6566416039605129,
      "auprc": 0.7866486965505073,
      "auroc": 0.8653198653198653
    },
    "finger_3": {
      "accuracy": 0.8,
      "precision": 0.7120418848163812,
      "recall": 0.6044444444441759,
      "f1": 0.6538461537961736,
      "auprc": 0.7835186492925278,
      "auroc": 0.8697373737373737
    },
    "finger_4": {
      "accuracy": 0.8013888888888889,
      "precision": 0.6846846846843763,
      "recall": 0.6755555555552554,
      "f1": 0.680089485408311,
      "auprc": 0.7892387904462481,
      "auroc": 0.8680224466891133
    }
  }
}