{
  "epoch": [
    1,
    2,
    3,
    4,
    5,
    6,
    7,
    8,
    9,
    10,
    11,
    12,
    13,
    14,
    15,
    16,
    17,
    18,
    19,
    20,
    21,
    22,
    23,
    24,
    25,
    26,
    27,
    28,
    29,
    30,
    31,
    32,
    33,
    34,
    35
  ],
  "train_loss": [
    0.8555957560079643,
    0.538426927055221,
    0.4936638180031834,
    0.4529049511415413,
    0.4180677130997899,
    0.4055398756481079,
    0.3588554503687893,
    0.3561449636177844,
    0.3410830048911543,
    0.32003826477441444,
    0.29607815771217805,
    0.2802270133811307,
    0.2866123300718974,
    0.2466253365378782,
    0.24240378478923477,
    0.22654950062194504,
    0.1914991910558149,
    0.17680421561361795,
    0.163244949047824,
    0.1583839398191636,
    0.1506346769361611,
    0.15202260627804032,
    0.14437870681285858,
    0.14033102414694176,
    0.1311140020927751,
    0.12635846175702223,
    0.11427642961582506,
    0.11393795979310231,
    0.10017692225884242,
    0.09841826899224017,
    0.10092385983969791,
    0.09146344132093062,
    0.08677510145198868,
    0.087495876094663,
    0.08344531606837928
  ],
  "val_loss": [
    0.5726126763555739,
    0.45094588509312383,
    0.48213161362542045,
    0.4387571303932755,
    0.4348129740467778,
    0.5265883063828504,
    0.5510866001800254,
    0.6088953570083335,
    0.4740499865125727,
    0.5382063929681424,
    0.49540860012725546,
    0.5723564094967313,
    0.5841121519053424,
    0.51393194993337,
    0.5126799786532367,
    0.7680308995423494,
    0.5669063484227216,
    0.5475888428864656,
    0.5738364160060883,
    0.6146367170192577,
    0.6137535086384526,
    0.6085226955237212,
    0.6464260441285593,
    0.6475073474424856,
    0.6388197629540054,
    0.6231158243285285,
    0.6084208907904448,
    0.626345020753366,
    0.6595953239334954,
    0.6203778264699159,
    0.605912669941231,
    0.6493174831072489,
    0.6581237890102245,
    0.6759722762637668,
    0.6802398043650167
  ],
  "val_f1": [
    0.6489959929319743,
    0.6973201688003132,
    0.6727238202679598,
    0.6835798919057923,
    0.7369121377416482,
    0.6955161829251666,
    0.6776663260081064,
    0.5519777632571656,
    0.6720868051347013,
    0.6852444364452379,
    0.7308562355399328,
    0.6261936772646942,
    0.6294965779105979,
    0.6698859674422,
    0.7026313695694197,
    0.6623327003375359,
    0.6650553576197852,
    0.715460530043548,
    0.7001206133559075,
    0.7094732482396784,
    0.6841154769205161,
    0.7097042498065435,
    0.6980415394096176,
    0.6905270361859231,
    0.6909507629628308,
    0.7109895490738931,
    0.7217151087345495,
    0.6848456087023584,
    0.6939555835231368,
    0.7119636361974504,
    0.707260163550515,
    0.703044594338758,
    0.6989544531701558,
    0.6827772583147811,
    0.6969293463741385
  ],
  "val_finger_accuracy": [
    0.6972222222222222,
    0.7824074074074074,
    0.7759259259259258,
    0.8078703703703702,
    0.8333333333333334,
    0.7606481481481481,
    0.7453703703703705,
    0.7583333333333334,
    0.7708333333333334,
    0.7541666666666667,
    0.8018518518518519,
    0.7643518518518518,
    0.7555555555555554,
    0.7847222222222222,
    0.8032407407407408,
    0.7208333333333333,
    0.7837962962962963,
    0.8,
    0.8004629629629629,
    0.787962962962963,
    0.7768518518518519,
    0.8018518518518517,
    0.7763888888888889,
    0.7851851851851852,
    0.7851851851851851,
    0.8,
    0.8162037037037037,
    0.7912037037037037,
    0.799074074074074,
    0.8004629629629629,
    0.8148148148148147,
    0.8041666666666668,
    0.799537037037037,
    0.7972222222222223,
    0.7958333333333333
  ]
}