{
  "loss": 0.48487316878115544,
  "accuracy": 0.5286885245901639,
  "finger_accuracy": 0.7729508196721311,
  "precision_macro": 0.6518744301978814,
  "recall_macro": 0.6978922716627635,
  "f1_macro": 0.6739642868970515,
  "auprc_macro": 0.7474423406768593,
  "auroc_macro": 0.832658957990858,
  "auprc_micro": 0.7478388850912847,
  "auroc_micro": 0.8363968568671099,
  "per_finger": {
    "finger_0": {
      "precision": 0.6596638655460799,
      "recall": 0.7353629976579075,
      "f1": 0.6954595791305026,
      "auprc": 0.701938498805081,
      "auroc": 0.7786181390051318
    },
    "finger_1": {
      "precision": 0.6813880126180816,
      "recall": 0.7081967213112432,
      "f1": 0.694533762007673,
      "auprc": 0.7922135857258369,
      "auroc": 0.8676895262759278
    },
    "finger_2": {
      "precision": 0.6467065868261537,
      "recall": 0.7081967213112432,
      "f1": 0.6760563379780604,
      "auprc": 0.7642501287208602,
      "auroc": 0.8509833622437762
    },
    "finger_3": {
      "precision": 0.6593059936906438,
      "recall": 0.6852459016391196,
      "f1": 0.6720257234224714,
      "auprc": 0.7553638187862144,
      "auroc": 0.8466003762429454
    },
    "finger_4": {
      "precision": 0.6123076923075039,
      "recall": 0.6524590163932287,
      "f1": 0.6317460316958816,
      "auprc": 0.7234456713463041,
      "auroc": 0.8194033861865089
    }
  }
}