{
  "loss": 0.45461395724875026,
  "accuracy": 0.5450819672131147,
  "finger_accuracy": 0.7838114754098361,
  "precision_macro": 0.6516980796647056,
  "recall_macro": 0.7681498829039812,
  "f1_macro": 0.7051405609490884,
  "auprc_macro": 0.7537432215381049,
  "auroc_macro": 0.8576738165235881,
  "auprc_micro": 0.7547976317728485,
  "auroc_micro": 0.8600866031106432,
  "per_finger": {
    "finger_0": {
      "precision": 0.6646586345380192,
      "recall": 0.7751756440279215,
      "f1": 0.7156756756258155,
      "auprc": 0.7268242319388949,
      "auroc": 0.8050532584260077
    },
    "finger_1": {
      "precision": 0.6685236768800367,
      "recall": 0.7868852459013814,
      "f1": 0.7228915662151731,
      "auprc": 0.7978058204854911,
      "auroc": 0.8904204637072146
    },
    "finger_2": {
      "precision": 0.6565096952906769,
      "recall": 0.7770491803276142,
      "f1": 0.7117117116618515,
      "auprc": 0.7664154357919634,
      "auroc": 0.8806332608536318
    },
    "finger_3": {
      "precision": 0.6434540389970352,
      "recall": 0.7573770491800795,
      "f1": 0.6957831324802416,
      "auprc": 0.7549872442044238,
      "auroc": 0.8718330849478391
    },
    "finger_4": {
      "precision": 0.6253443526169077,
      "recall": 0.7442622950817233,
      "f1": 0.6796407185130479,
      "auprc": 0.7226833752697515,
      "auroc": 0.8404290146832475
    }
  }
}