{
  "epoch": [
    1,
    2,
    3,
    4,
    5,
    6,
    7,
    8,
    9,
    10,
    11,
    12,
    13,
    14,
    15,
    16,
    17,
    18,
    19,
    20,
    21,
    22,
    23,
    24,
    25,
    26,
    27,
    28,
    29,
    30,
    31,
    32,
    33,
    34,
    35,
    36,
    37,
    38,
    39,
    40,
    41,
    42,
    43,
    44,
    45,
    46,
    47,
    48,
    49,
    50,
    51,
    52,
    53,
    54,
    55,
    56,
    57
  ],
  "train_loss": [
    0.8493861027094193,
    0.8115961869041641,
    0.7830964817113174,
    0.7792792082865001,
    0.7450858478422289,
    0.7516951047496878,
    0.7909146348635355,
    0.736085256198784,
    0.721937577187757,
    0.7038514098047695,
    0.7119686719659087,
    0.7254047522813211,
    0.7139381570217413,
    0.6753397029199641,
    0.6574093993608053,
    0.7018215408572903,
    0.6722436521476481,
    0.6623778103233932,
    0.6368340671836555,
    0.6639694285083126,
    0.63993522563538,
    0.6331935612670271,
    0.6226971816448938,
    0.6356556591017422,
    0.6370254447965911,
    0.6037468358035728,
    0.5994376307958132,
    0.58715805475846,
    0.5849594298379246,
    0.5863856846119935,
    0.6062434452436704,
    0.588013532873872,
    0.5707191636552026,
    0.5710291968279587,
    0.5760630733006961,
    0.579678382450368,
    0.5686752331721319,
    0.5667694125856672,
    0.5672106471928683,
    0.5582579686528161,
    0.5586566857961349,
    0.5791193414560128,
    0.5664388694804469,
    0.5516484049491552,
    0.5471640386622706,
    0.5492264932884282,
    0.5483138158723906,
    0.5421988770559236,
    0.5528781212769546,
    0.5448515177805187,
    0.5450623911438566,
    0.5498605360200395,
    0.5478521678354833,
    0.5471437139944597,
    0.5369560922379102,
    0.5377926599411738,
    0.5363948376147778
  ],
  "val_loss": [
    0.6646282286257357,
    0.5855399370193481,
    0.7082978535342861,
    0.5932599757168744,
    0.5741498003134856,
    0.6734343670509957,
    0.5714757361927548,
    0.5755429928367203,
    0.5038178691992888,
    0.48460877908242717,
    0.7289454195950482,
    0.4935123211628682,
    0.5500812321095854,
    0.5194874438079627,
    0.6238686200734731,
    0.563425866333214,
    0.517135921362284,
    0.5152718312031513,
    0.5731521313254898,
    0.5221608297244923,
    0.594244528461147,
    0.47338302071030075,
    0.5026768590952899,
    0.5233810012404984,
    0.5015135649088267,
    0.4984517661300865,
    0.4823682565946837,
    0.5316408985369915,
    0.4954012084651638,
    0.4706846362835652,
    0.4757787730242755,
    0.465819411986583,
    0.49721507607279597,
    0.4787779949806832,
    0.5032302527814299,
    0.4721045816266859,
    0.46299841436179906,
    0.46030395095412796,
    0.4724419825785869,
    0.475201969211166,
    0.5124858215048507,
    0.46716734847506963,
    0.4796436477351833,
    0.46847107925930537,
    0.4588398997848098,
    0.47096990572439656,
    0.46278226697767105,
    0.4774335526131295,
    0.4579876451878934,
    0.4852296677795616,
    0.4582911649265805,
    0.44700535084750204,
    0.4829061144107097,
    0.46845486679592646,
    0.459468876993334,
    0.4673091253718814,
    0.4762337755512547
  ],
  "val_f1": [
    0.5973948935889234,
    0.6216802574565042,
    0.5422691916024449,
    0.6565823589871178,
    0.6842024659027608,
    0.5903301882197821,
    0.6848282075098787,
    0.6626375330390444,
    0.6845310686686689,
    0.6866850491479422,
    0.5434596744405444,
    0.6568728008358092,
    0.6499304803618158,
    0.7013907373557091,
    0.6411883611928613,
    0.6741200640665882,
    0.6964712746847063,
    0.690875932396829,
    0.6447712216294275,
    0.6738701602313093,
    0.6430636072830593,
    0.6528197389162027,
    0.6504355287528065,
    0.6971035819752652,
    0.6947093485652217,
    0.6997151278162196,
    0.7067975376831468,
    0.6777408838041648,
    0.6795728384146245,
    0.6859244432421575,
    0.7069418602354066,
    0.7081820271853274,
    0.6967121865822276,
    0.6993581064900145,
    0.6847270348408221,
    0.692794579655841,
    0.6762942799875746,
    0.695357969736057,
    0.6958842943293313,
    0.6863178501916575,
    0.6786809975381376,
    0.6791948603720366,
    0.662017305516494,
    0.6802434915353543,
    0.6730755354877833,
    0.6836938413262541,
    0.6816688833680478,
    0.6846978148195487,
    0.6969002250752141,
    0.6686892361201421,
    0.671113351631473,
    0.6845359364708405,
    0.6869395631807075,
    0.6786407852047397,
    0.6913535711386442,
    0.6841182012940094,
    0.6733030250804213
  ]
}