{
  "epoch": [
    1,
    2,
    3,
    4,
    5,
    6,
    7,
    8,
    9,
    10,
    11,
    12,
    13,
    14,
    15,
    16,
    17,
    18,
    19,
    20,
    21,
    22,
    23,
    24,
    25,
    26,
    27,
    28,
    29,
    30,
    31,
    32,
    33,
    34,
    35,
    36,
    37,
    38,
    39,
    40,
    41,
    42,
    43,
    44,
    45,
    46,
    47,
    48,
    49,
    50,
    51,
    52,
    53,
    54,
    55,
    56,
    57,
    58,
    59,
    60,
    61,
    62,
    63,
    64,
    65,
    66,
    67,
    68,
    69,
    70,
    71,
    72,
    73
  ],
  "train_loss": [
    0.8386390093085053,
    0.782742114294143,
    0.7503250421899738,
    0.7425412638878925,
    0.760287805037065,
    0.7640479312830674,
    0.7566748016324394,
    0.71244241458513,
    0.7180397923374588,
    0.7007527467492339,
    0.6922029956078632,
    0.7438410556677616,
    0.7132239457848785,
    0.7060236910204867,
    0.6882484335919995,
    0.7055951367208968,
    0.6861156390342877,
    0.6976476990299307,
    0.6955108446476264,
    0.6612001590398483,
    0.6571509262700101,
    0.6762437131497767,
    0.6380861931807035,
    0.6304692538269671,
    0.6280399733807618,
    0.6253362339296382,
    0.6361689543053185,
    0.6241444292522612,
    0.6111191082826425,
    0.6279838410290804,
    0.6241044427925374,
    0.6126608649889628,
    0.6094986032613944,
    0.6036603445614571,
    0.6044787803253571,
    0.6140775881804429,
    0.602995164208598,
    0.5936429541864436,
    0.5939748289781216,
    0.5921959167435056,
    0.5829479841442852,
    0.5766645824754393,
    0.5663585905388836,
    0.5660186204817388,
    0.5647211663134686,
    0.5721035430699716,
    0.5579291956249254,
    0.5627161303123871,
    0.5566365832374209,
    0.5620235805903678,
    0.5575531986884741,
    0.5545049265865639,
    0.5604382510825153,
    0.5497769514719645,
    0.5494096307527452,
    0.5527693678290297,
    0.5518144701982474,
    0.5424912961530479,
    0.5513610406355425,
    0.5392426885825731,
    0.5315689301335966,
    0.5379458536833396,
    0.5340369357949212,
    0.5344803392629087,
    0.531495153516918,
    0.530687466586307,
    0.5320350828366879,
    0.5345764926501683,
    0.5291521889822823,
    0.5275720584960211,
    0.5224720092562886,
    0.5208401994787769,
    0.5226705857427605
  ],
  "val_loss": [
    0.641688221209758,
    0.6740482594515826,
    0.6750408942634994,
    0.6106778189942643,
    0.6108520578693699,
    0.5430330118617496,
    0.4798981692339923,
    0.5310276972280966,
    0.5217316585618097,
    0.4956036757778477,
    0.49922588709238414,
    0.5045871186900783,
    0.495356653187726,
    0.6787411361127287,
    0.5582642281377638,
    0.4783654293498477,
    0.5447310096508747,
    0.5151255001892915,
    0.4805587787885924,
    0.4870716824724868,
    0.4963304311842532,
    0.48598745787465897,
    0.4674213343375438,
    0.4893904368619661,
    0.4537163151277078,
    0.5638950797351631,
    0.4723685391851374,
    0.4510219628746445,
    0.48711722364296783,
    0.46866584710172704,
    0.4528195423048896,
    0.46859633117108734,
    0.48173961768279205,
    0.4631752194585027,
    0.4878942998679909,
    0.46581238588771307,
    0.4896718545539959,
    0.46203781221363993,
    0.4679080948636338,
    0.4931254515776763,
    0.511980171944644,
    0.4478493324808172,
    0.46550174903225255,
    0.44785971577103073,
    0.46875031735446004,
    0.4474481626136883,
    0.45591011965597,
    0.45041228468353683,
    0.4740775195327965,
    0.4505629007880752,
    0.4528916953383265,
    0.44127108277501287,
    0.4440978048620997,
    0.4629763775580638,
    0.47974667275274124,
    0.4559752610889641,
    0.44884861079422206,
    0.45617058792629755,
    0.4536808785554525,
    0.4493174834831341,
    0.45279163444364395,
    0.4670269352358741,
    0.4520896173812248,
    0.4500173048393146,
    0.44505627654694224,
    0.446447295917047,
    0.45709999429213033,
    0.46448403999612137,
    0.4516516569498423,
    0.4602883554793693,
    0.4471276539403039,
    0.44961097594853994,
    0.4418166730854962
  ],
  "val_f1": [
    0.6045002672085147,
    0.5600462769087777,
    0.5577905925811861,
    0.6185147259796363,
    0.6268198714577429,
    0.6474707964295734,
    0.6873325702435775,
    0.6670007517590743,
    0.6813728038884184,
    0.6290629943286616,
    0.7054460635172328,
    0.694975177586473,
    0.6215619329026787,
    0.5628387080827046,
    0.6442545869178529,
    0.6899199142235911,
    0.6807923334673646,
    0.6693752451911881,
    0.663909453847388,
    0.6587671211673094,
    0.6629154883442715,
    0.6576530347261713,
    0.6684865280680992,
    0.6277486734045241,
    0.6929105602698065,
    0.650680653189035,
    0.6671919976451134,
    0.7068663191194731,
    0.6475230380227563,
    0.7076483074993547,
    0.6924964215608986,
    0.6884198564962094,
    0.6792233324857212,
    0.6618333829044148,
    0.6885917074599235,
    0.672886759895089,
    0.6886110809129937,
    0.705184604101491,
    0.6887100726898348,
    0.6835474665666299,
    0.6829472346953077,
    0.7110724498302166,
    0.695058487762733,
    0.6898082674487089,
    0.6667677851986906,
    0.6936574088345699,
    0.6847714456088974,
    0.7115543597730459,
    0.6034876823344952,
    0.6731993765628822,
    0.6878395568096958,
    0.7058014324630669,
    0.6675408468940998,
    0.6921218812854641,
    0.6844899456700629,
    0.6486367893798437,
    0.7100977714247989,
    0.7037660993346774,
    0.6945288716836341,
    0.6737701996327824,
    0.6667457465473327,
    0.6924312400993825,
    0.6613930226846717,
    0.6885949390598454,
    0.6943855372858554,
    0.6909084310113636,
    0.6741016532782478,
    0.6530122128296894,
    0.6853685328256611,
    0.6618129914855408,
    0.6824723762096797,
    0.6692747944400806,
    0.6749228427648101
  ]
}