{
  "accuracy": 0.5778688524590164,
  "finger_accuracy": 0.7944672131147541,
  "precision_macro": 0.6949668355646467,
  "recall_macro": 0.7007025761124122,
  "f1_macro": 0.6967869203226574,
  "auprc_macro": 0.7930367819312238,
  "auroc_macro": 0.8706603176154373,
  "auprc_micro": 0.7887238540624832,
  "auroc_micro": 0.8697340025852852,
  "per_finger": {
    "finger_0": {
      "precision": 0.7173913043476312,
      "recall": 0.6182669789225719,
      "f1": 0.6641509433463347,
      "auprc": 0.7516560434619703,
      "auroc": 0.8267960055114046
    },
    "finger_1": {
      "precision": 0.7253086419750848,
      "recall": 0.7704918032784359,
      "f1": 0.7472178059911436,
      "auprc": 0.8451313946256394,
      "auroc": 0.9069311768586157
    },
    "finger_2": {
      "precision": 0.6853582554514999,
      "recall": 0.7213114754095996,
      "f1": 0.7028753993108304,
      "auprc": 0.8022038210486366,
      "auroc": 0.8806430333976694
    },
    "finger_3": {
      "precision": 0.6918238993708516,
      "recall": 0.7213114754095996,
      "f1": 0.7062600320525239,
      "auprc": 0.7908313523103562,
      "auroc": 0.8789035205589895
    },
    "finger_4": {
      "precision": 0.6549520766771071,
      "recall": 0.6721311475407633,
      "f1": 0.6634304206617678,
      "auprc": 0.7753612982095163,
      "auroc": 0.860027851750507
    }
  }
}