{
  "loss": 0.5407566017574734,
  "accuracy": 0.5319444444444444,
  "finger_accuracy": 0.7769444444444444,
  "precision_macro": 0.7534645850455448,
  "recall_macro": 0.5160634920634921,
  "f1_macro": 0.6108575042074632,
  "auprc_macro": 0.7021847129980422,
  "auroc_macro": 0.8070782463078758,
  "auprc_micro": 0.7049420500377401,
  "auroc_micro": 0.8002947088714617,
  "per_finger": {
    "finger_0": {
      "accuracy": 0.6875,
      "precision": 0.6757812499997361,
      "recall": 0.5492063492061748,
      "f1": 0.6059544657997086,
      "auprc": 0.6442528179291496,
      "auroc": 0.7537840485988634
    },
    "finger_1": {
      "accuracy": 0.825,
      "precision": 0.8193548387091488,
      "recall": 0.5644444444441936,
      "f1": 0.6684210525829238,
      "auprc": 0.7706670593430373,
      "auroc": 0.8533961840628507
    },
    "finger_2": {
      "accuracy": 0.7958333333333333,
      "precision": 0.7999999999993846,
      "recall": 0.4622222222220168,
      "f1": 0.585915492910997,
      "auprc": 0.7138546950075483,
      "auroc": 0.8263973063973064
    },
    "finger_3": {
      "accuracy": 0.7916666666666666,
      "precision": 0.7388535031842428,
      "recall": 0.5155555555553264,
      "f1": 0.6073298428832036,
      "auprc": 0.7037215399145829,
      "auroc": 0.8124534231200897
    },
    "finger_4": {
      "accuracy": 0.7847222222222222,
      "precision": 0.7333333333328445,
      "recall": 0.48888888888867166,
      "f1": 0.5866666666183538,
      "auprc": 0.6784274527958932,
      "auroc": 0.7893602693602695
    }
  }
}