{
  "epoch": [
    1,
    2,
    3,
    4,
    5,
    6,
    7,
    8,
    9,
    10,
    11,
    12,
    13,
    14,
    15,
    16,
    17,
    18,
    19,
    20,
    21,
    22,
    23,
    24,
    25,
    26
  ],
  "train_loss": [
    0.8176260367933527,
    0.7946573352239218,
    0.782460658665163,
    0.7816480742879661,
    0.7772192021450365,
    0.7777217073612902,
    0.7785189661634974,
    0.7751619305955358,
    0.7753452558115305,
    0.7711869830108551,
    0.7578266693885067,
    0.7176117774951889,
    0.6768952083874897,
    0.6403970474220184,
    0.6250467602028904,
    0.6031024728912905,
    0.5890886776418571,
    0.5766513670783445,
    0.5769593112439995,
    0.5808019702693066,
    0.5561042643455137,
    0.547726143914533,
    0.5425500984651497,
    0.5286819123360048,
    0.5359839807791882,
    0.5426862024399172
  ],
  "val_loss": [
    0.5181954348528827,
    0.5239406757884555,
    0.5149801704618666,
    0.5114677989924395,
    0.5149145965222959,
    0.5158946646584405,
    0.5143868569974546,
    0.5114407451064499,
    0.5125280088848538,
    0.5097550219959683,
    0.4982619219356113,
    0.4927434402483481,
    0.48946356111102635,
    0.5314119634804902,
    0.506549933442363,
    0.460191132845702,
    0.44821436427257677,
    0.459236482779185,
    0.45963994330830044,
    0.5273617837164137,
    0.4344402441272029,
    0.4581102430820465,
    0.43398131485338565,
    0.49774261757179544,
    0.45821717271098383,
    0.441842809871391
  ],
  "val_f1": [
    0.711757138115627,
    0.7109723120184167,
    0.7112553283811214,
    0.7118097477800629,
    0.7154850508968156,
    0.7120283186740556,
    0.7098535017469167,
    0.7076501857565924,
    0.7055319827659551,
    0.7079074740999522,
    0.6923975088623122,
    0.6660387833991626,
    0.6823758666770097,
    0.6471987869424367,
    0.6938523474288717,
    0.7084822489187308,
    0.7000910998684701,
    0.674673200086196,
    0.7133711293946012,
    0.6835681134646044,
    0.7123407926034131,
    0.7151155099820778,
    0.7042562762823922,
    0.6907701125621195,
    0.6269775793768221,
    0.6450262814206915
  ],
  "val_finger_accuracy": [
    0.812037037037037,
    0.8027777777777778,
    0.8023148148148149,
    0.8027777777777778,
    0.8037037037037038,
    0.8023148148148149,
    0.8013888888888889,
    0.8004629629629629,
    0.799537037037037,
    0.799537037037037,
    0.7907407407407409,
    0.7564814814814815,
    0.7611111111111111,
    0.7143518518518518,
    0.7513888888888889,
    0.7902777777777777,
    0.7851851851851852,
    0.7828703703703703,
    0.7824074074074073,
    0.7300925925925925,
    0.7958333333333334,
    0.7847222222222221,
    0.7976851851851852,
    0.750925925925926,
    0.7814814814814814,
    0.787037037037037
  ]
}