{
  "loss": 0.6205845263269213,
  "accuracy": 0.5625,
  "finger_accuracy": 0.775,
  "precision_macro": 0.6690482334815088,
  "recall_macro": 0.6375873015873016,
  "f1_macro": 0.6510498958752567,
  "auprc_macro": 0.725665393621805,
  "auroc_macro": 0.8399694725028057,
  "auprc_micro": 0.7233506076385002,
  "auroc_micro": 0.8386907196038339,
  "per_finger": {
    "finger_0": {
      "accuracy": 0.7680555555555556,
      "precision": 0.7483221476507557,
      "recall": 0.7079365079362833,
      "f1": 0.7275693311080393,
      "auprc": 0.7694632547488311,
      "auroc": 0.8335802469135802
    },
    "finger_1": {
      "accuracy": 0.8041666666666667,
      "precision": 0.6640624999997407,
      "recall": 0.7555555555552198,
      "f1": 0.7068607068106206,
      "auprc": 0.7555386338682839,
      "auroc": 0.8688484848484848
    },
    "finger_2": {
      "accuracy": 0.7708333333333334,
      "precision": 0.6630434782605092,
      "recall": 0.5422222222219812,
      "f1": 0.5965770170651251,
      "auprc": 0.7104734532468483,
      "auroc": 0.841257014590348
    },
    "finger_3": {
      "accuracy": 0.7652777777777777,
      "precision": 0.637254901960472,
      "recall": 0.577777777777521,
      "f1": 0.6060606060104434,
      "auprc": 0.7096824134385299,
      "auroc": 0.8350078563411896
    },
    "finger_4": {
      "accuracy": 0.7666666666666667,
      "precision": 0.6325581395345895,
      "recall": 0.6044444444441759,
      "f1": 0.6181818181315631,
      "auprc": 0.6831692128065321,
      "auroc": 0.8211537598204265
    }
  }
}