{
  "epoch": [
    1,
    2,
    3,
    4,
    5,
    6,
    7,
    8,
    9,
    10,
    11,
    12,
    13,
    14,
    15,
    16,
    17,
    18,
    19,
    20,
    21,
    22,
    23,
    24,
    25
  ],
  "train_loss": [
    0.8491182075925621,
    0.6949845810970628,
    0.611852862748755,
    0.5473440641380218,
    0.5215313729033413,
    0.4803118461585907,
    0.447902425944087,
    0.4211970528206193,
    0.39367222462791995,
    0.3554171327366886,
    0.33279452410088967,
    0.3396294185196061,
    0.31130316709897604,
    0.28692984796432125,
    0.29486474322985456,
    0.2759878947792283,
    0.246832320130015,
    0.22301779184714857,
    0.22818049519176942,
    0.2183379958192986,
    0.19746285856488238,
    0.1749618347868862,
    0.16471181396978446,
    0.1586809318108731,
    0.154090860521937
  ],
  "val_loss": [
    0.6220638155937195,
    0.6018980653197677,
    0.5146600714436284,
    0.5873127734219586,
    0.5107452483088882,
    0.5266912888597559,
    0.4609844783941905,
    1.3031193967218753,
    0.5783096750577291,
    0.43648827517474137,
    0.6147219229627539,
    0.5833683499583492,
    0.642950157324473,
    0.5447622184400205,
    0.6085340689729761,
    0.6169253102055302,
    0.6150117980109321,
    0.8132780459192064,
    0.8483182721667819,
    0.7402720804567691,
    0.5443444472772104,
    0.7026605186639009,
    0.6009544498390622,
    0.655788039719617,
    0.5810918013254801
  ],
  "val_f1": [
    0.6440280278395607,
    0.6229230042482083,
    0.6686331713371954,
    0.5261796786499697,
    0.6710353956418263,
    0.6288551627743767,
    0.7073660509614232,
    0.5695720123688522,
    0.5293661598718011,
    0.7061029530395921,
    0.6035445772361289,
    0.5978393848187912,
    0.6424723868376729,
    0.6345673280029073,
    0.6336186703713704,
    0.6662075268567197,
    0.685778473043364,
    0.647323782065792,
    0.44651448611118,
    0.6321330090895182,
    0.6851173767875544,
    0.558158810000376,
    0.6756206500049229,
    0.6060787718073989,
    0.678357929389779
  ],
  "val_finger_accuracy": [
    0.7064814814814815,
    0.6782407407407407,
    0.7328703703703703,
    0.6912037037037037,
    0.7430555555555556,
    0.7810185185185186,
    0.7912037037037036,
    0.5166666666666666,
    0.7476851851851852,
    0.8212962962962962,
    0.7717592592592594,
    0.7152777777777778,
    0.7888888888888889,
    0.7800925925925926,
    0.750925925925926,
    0.7421296296296296,
    0.7537037037037038,
    0.7240740740740741,
    0.7444444444444445,
    0.787037037037037,
    0.7902777777777779,
    0.7606481481481481,
    0.7694444444444445,
    0.7578703703703704,
    0.7939814814814814
  ]
}