{
  "accuracy": 0.5932377049180327,
  "finger_accuracy": 0.7975409836065575,
  "precision_macro": 0.6811166886419942,
  "recall_macro": 0.7527868852459016,
  "f1_macro": 0.7136125511662881,
  "auprc_macro": 0.8116546314243356,
  "auroc_macro": 0.8812121212121212,
  "auprc_micro": 0.803649865190923,
  "auroc_micro": 0.8786681292702703,
  "per_finger": {
    "finger_0": {
      "precision": 0.7543859649120916,
      "recall": 0.7049180327867202,
      "f1": 0.7288135592719148,
      "auprc": 0.8148130048958035,
      "auroc": 0.8632983964883991
    },
    "finger_1": {
      "precision": 0.713017751479079,
      "recall": 0.7901639344259704,
      "f1": 0.7496111974615627,
      "auprc": 0.8478928226270053,
      "auroc": 0.9029781827954362
    },
    "finger_2": {
      "precision": 0.6646884272995061,
      "recall": 0.734426229507956,
      "f1": 0.6978193145916514,
      "auprc": 0.7971704223593821,
      "auroc": 0.8793726026727909
    },
    "finger_3": {
      "precision": 0.6383561643833868,
      "recall": 0.7639344262292578,
      "f1": 0.6955223880098949,
      "auprc": 0.7941431109305885,
      "auroc": 0.8814785859128778
    },
    "finger_4": {
      "precision": 0.6351351351349634,
      "recall": 0.7704918032784359,
      "f1": 0.6962962962465536,
      "auprc": 0.8042537963088989,
      "auroc": 0.8789328381911021
    }
  }
}