{
  "accuracy": 0.5747950819672131,
  "finger_accuracy": 0.7977459016393442,
  "precision_macro": 0.6929126459712471,
  "recall_macro": 0.7221545667447307,
  "f1_macro": 0.7066945064224097,
  "auprc_macro": 0.7749783558020337,
  "auroc_macro": 0.8702175282986893,
  "auprc_micro": 0.7748590423843564,
  "auroc_micro": 0.8709187528205545,
  "per_finger": {
    "finger_0": {
      "precision": 0.7132169576058072,
      "recall": 0.6697892271661195,
      "f1": 0.6908212559885298,
      "auprc": 0.7358276991832674,
      "auroc": 0.8229695891614731
    },
    "finger_1": {
      "precision": 0.7227414330215818,
      "recall": 0.7606557377046687,
      "f1": 0.741214057457783,
      "auprc": 0.8395058935858025,
      "auroc": 0.9106594024089321
    },
    "finger_2": {
      "precision": 0.6822429906539931,
      "recall": 0.7180327868850105,
      "f1": 0.6996805111319178,
      "auprc": 0.7772678098331781,
      "auroc": 0.8797586181622731
    },
    "finger_3": {
      "precision": 0.6944444444442301,
      "recall": 0.737704918032545,
      "f1": 0.715421303606416,
      "auprc": 0.7683970697724894,
      "auroc": 0.8769832156556154
    },
    "finger_4": {
      "precision": 0.6519174041296012,
      "recall": 0.7245901639341887,
      "f1": 0.6863354036766344,
      "auprc": 0.7538933066354309,
      "auroc": 0.8607168161051526
    }
  }
}