{
  "epoch": [
    1,
    2,
    3,
    4,
    5,
    6,
    7,
    8,
    9,
    10,
    11,
    12,
    13,
    14,
    15,
    16,
    17,
    18,
    19,
    20,
    21,
    22,
    23,
    24,
    25,
    26,
    27,
    28,
    29,
    30,
    31,
    32,
    33,
    34,
    35,
    36,
    37,
    38,
    39,
    40,
    41,
    42,
    43,
    44,
    45,
    46,
    47,
    48,
    49,
    50,
    51,
    52,
    53,
    54,
    55
  ],
  "train_loss": [
    1.1734906713683884,
    0.7372229940447457,
    0.7276741751344689,
    0.713864309705181,
    0.7073677504733528,
    0.7050725668023675,
    0.691104493873976,
    0.6828851681767087,
    0.6731467572125521,
    0.66415426276979,
    0.6671694875795604,
    0.6690916302916291,
    0.6531576676802202,
    0.6410731704204113,
    0.6469422122100731,
    0.6466645066872304,
    0.638558618176035,
    0.6414760286673838,
    0.6499120126038919,
    0.6367235581080118,
    0.6443977665591549,
    0.6385222074789402,
    0.6231466482728074,
    0.6262536358523678,
    0.6350106124754076,
    0.615687332886122,
    0.6121616105496626,
    0.6155565780994696,
    0.6155904405044786,
    0.6093118735206076,
    0.6101574951952154,
    0.6137734716072744,
    0.6058729708968819,
    0.6062504822041566,
    0.5987715638561166,
    0.5986944973726809,
    0.5877351572503259,
    0.5948764697297827,
    0.5956787799859976,
    0.5919145020571622,
    0.58504109800636,
    0.589492976407468,
    0.5839550668026978,
    0.5841525669221754,
    0.5863883448885633,
    0.5861502380082102,
    0.5838020320062514,
    0.5759381760250438,
    0.5755945740840136,
    0.574275026589761,
    0.5793163828003458,
    0.5746865984681365,
    0.5707042023733064,
    0.5742096619688587,
    0.5759220386480356
  ],
  "val_loss": [
    0.6609770446210295,
    0.6452194919457307,
    0.6271010588955235,
    0.6320323380264076,
    0.6532109154237283,
    0.613618166060061,
    0.601993311095882,
    0.5965999880352536,
    0.5803560662913967,
    0.5983032519752914,
    0.5785680461574245,
    0.5970868258862883,
    0.5752433071265349,
    0.5779389239646293,
    0.5805549605472667,
    0.5785307690903947,
    0.5785382083944373,
    0.5720063512389725,
    0.5712616604727667,
    0.5921065098530537,
    0.5620092217986649,
    0.5639877126023576,
    0.5590565414042086,
    0.560946071470106,
    0.5734846575840099,
    0.5636322305009172,
    0.5725983187959001,
    0.5780742120098423,
    0.5672677884230742,
    0.5720834699836937,
    0.5600046499355419,
    0.5860951204557676,
    0.5718833385287104,
    0.5712730948989456,
    0.5707670337445027,
    0.570309724356677,
    0.5586455963753365,
    0.581747876631247,
    0.5655242784603222,
    0.5664124053877753,
    0.5676042485881496,
    0.57759068785487,
    0.5732232944385426,
    0.5634041750753248,
    0.5574640518910176,
    0.565717246081378,
    0.5581904665843861,
    0.5559312749553371,
    0.5647755571313806,
    0.562665717021839,
    0.5642103150084212,
    0.5721258247220838,
    0.5707364533398602,
    0.5614333442739539,
    0.5611245277765635
  ],
  "val_f1": [
    0.5381507494017906,
    0.4865471992845548,
    0.6068593585113339,
    0.6628526795942072,
    0.6637084503822974,
    0.6633168951016062,
    0.6695700305799824,
    0.65341008110173,
    0.6296600851114876,
    0.6947539820116353,
    0.6777430893605361,
    0.6978635813587826,
    0.700620444335285,
    0.703132707652929,
    0.6996771344066411,
    0.6970243546264583,
    0.6830737357208212,
    0.6993505874476204,
    0.700125349540839,
    0.6834426382430638,
    0.6968893009940136,
    0.6999512019608541,
    0.7019583890715213,
    0.6982820319292695,
    0.6849067572665103,
    0.6938280443745303,
    0.6988471959637977,
    0.6236222145696648,
    0.6953885572161874,
    0.7031847229509551,
    0.6881733488269919,
    0.6702743558925234,
    0.6788221864271803,
    0.6503712548442646,
    0.6913588073474124,
    0.6676050434360039,
    0.6820833364442184,
    0.6571724747800575,
    0.6785759790826861,
    0.6564761487137619,
    0.6587346059384067,
    0.6444831930152457,
    0.6762375145128313,
    0.6860267858166765,
    0.6992330134408664,
    0.6878570849662881,
    0.6876209381565966,
    0.6842501467544386,
    0.6726117238071512,
    0.6877675537967766,
    0.6781903095472848,
    0.6690742149881338,
    0.6704764899680364,
    0.6786125341111052,
    0.6898411515377517
  ]
}