{
  "loss": 0.561938500795208,
  "accuracy": 0.4415983606557377,
  "finger_accuracy": 0.6938524590163934,
  "precision_macro": 0.6569623631222866,
  "recall_macro": 0.6967993754879,
  "f1_macro": 0.6761041815874588,
  "auprc_macro": 0.7643399107601127,
  "auroc_macro": 0.767010063005763,
  "auprc_micro": 0.7685453535377249,
  "auroc_micro": 0.7743555821841854,
  "per_finger": {
    "finger_0": {
      "precision": 0.6907894736840968,
      "recall": 0.7650273224042322,
      "f1": 0.7260155574262361,
      "auprc": 0.7579804936667544,
      "auroc": 0.7397951566185911
    },
    "finger_1": {
      "precision": 0.6604215456672926,
      "recall": 0.6604215456672926,
      "f1": 0.6604215456172926,
      "auprc": 0.7858326055905439,
      "auroc": 0.7853367630309311
    },
    "finger_2": {
      "precision": 0.6556291390727029,
      "recall": 0.6955503512878933,
      "f1": 0.6749999999498902,
      "auprc": 0.7658413595972935,
      "auroc": 0.7752353651305546
    },
    "finger_3": {
      "precision": 0.6518847006650439,
      "recall": 0.6885245901637732,
      "f1": 0.6697038723872424,
      "auprc": 0.7609953693369959,
      "auroc": 0.7688963966846256
    },
    "finger_4": {
      "precision": 0.6260869565216031,
      "recall": 0.674473067915533,
      "f1": 0.6493799323061799,
      "auprc": 0.7510497256089756,
      "auroc": 0.7657866335641127
    }
  }
}