{
  "optuna_large": {
    "accuracy": 0.5932377049180327,
    "f1_macro": 0.7136125511662881,
    "auprc_macro": 0.8116546314243356,
    "auroc_macro": 0.8812121212121212
  },
  "optuna_micro": {
    "accuracy": 0.5778688524590164,
    "f1_macro": 0.6967869203226574,
    "auprc_macro": 0.7930367819312238,
    "auroc_macro": 0.8706603176154373
  },
  "optuna_base": {
    "accuracy": 0.5747950819672131,
    "f1_macro": 0.7066945064224097,
    "auprc_macro": 0.7749783558020337,
    "auroc_macro": 0.8702175282986893
  },
  "optuna_nano": {
    "accuracy": 0.5799180327868853,
    "f1_macro": 0.6983877236745005,
    "auprc_macro": 0.7579027365903894,
    "auroc_macro": 0.8554652836190059
  },
  "optuna_xlarge": {
    "accuracy": 0.5512295081967213,
    "f1_macro": 0.6898044549730342,
    "auprc_macro": 0.7260417199930574,
    "auroc_macro": 0.8301699996083227
  }
}