{
  "accuracy": 0.569672131147541,
  "finger_accuracy": 0.7879098360655739,
  "precision_macro": 0.7283980743398775,
  "recall_macro": 0.5988758782201404,
  "f1_macro": 0.656077525804717,
  "auprc_macro": 0.7717188810484209,
  "auroc_macro": 0.8401265001533746,
  "auprc_micro": 0.7693753814165893,
  "auroc_micro": 0.838561465127665,
  "per_finger": {
    "finger_0": {
      "precision": 0.7322033898302603,
      "recall": 0.5058548009366497,
      "f1": 0.5983379500900097,
      "auprc": 0.7207455317704257,
      "auroc": 0.7875421780286063
    },
    "finger_1": {
      "precision": 0.7564575645753666,
      "recall": 0.6721311475407633,
      "f1": 0.7118055555054826,
      "auprc": 0.8091403093450052,
      "auroc": 0.8706115169431481
    },
    "finger_2": {
      "precision": 0.7067669172929674,
      "recall": 0.6163934426227488,
      "f1": 0.6584938703528048,
      "auprc": 0.781319412370621,
      "auroc": 0.8565292809850724
    },
    "finger_3": {
      "precision": 0.7265624999997162,
      "recall": 0.6098360655735706,
      "f1": 0.66310160422822,
      "auprc": 0.7814598653916691,
      "auroc": 0.8539639881752217
    },
    "finger_4": {
      "precision": 0.719999999999712,
      "recall": 0.590163934426036,
      "f1": 0.6486486485989058,
      "auprc": 0.7659292863643833,
      "auroc": 0.8319855366348244
    }
  }
}