{
  "loss": 0.6019610539078712,
  "accuracy": 0.609375,
  "finger_accuracy": 0.80234375,
  "precision_macro": 0.6486272850322061,
  "recall_macro": 0.9239285714285714,
  "f1_macro": 0.760123901412287,
  "auprc_macro": 0.8406157130416936,
  "auroc_macro": 0.9152955898268399,
  "auprc_micro": 0.829351164755935,
  "auroc_micro": 0.9108687106918238,
  "per_finger": {
    "finger_0": {
      "accuracy": 0.76171875,
      "precision": 0.6645161290318294,
      "recall": 0.919642857142036,
      "f1": 0.7715355804750634,
      "auprc": 0.7956754728919916,
      "auroc": 0.8692336309523809
    },
    "finger_1": {
      "accuracy": 0.765625,
      "precision": 0.574626865671213,
      "recall": 0.9624999999987969,
      "f1": 0.7196261681768104,
      "auprc": 0.8675402815928013,
      "auroc": 0.9295454545454547
    },
    "finger_2": {
      "accuracy": 0.8671875,
      "precision": 0.7346938775502707,
      "recall": 0.899999999998875,
      "f1": 0.8089887639945462,
      "auprc": 0.8540768267969013,
      "auroc": 0.9333096590909091
    },
    "finger_3": {
      "accuracy": 0.796875,
      "precision": 0.6147540983601518,
      "recall": 0.9374999999988282,
      "f1": 0.7425742573771689,
      "auprc": 0.8565621787098694,
      "auroc": 0.9294034090909091
    },
    "finger_4": {
      "accuracy": 0.8203125,
      "precision": 0.6545454545448595,
      "recall": 0.899999999998875,
      "f1": 0.7578947367925539,
      "auprc": 0.8292238052169043,
      "auroc": 0.9149857954545455
    }
  }
}