{
  "epoch": [
    1,
    2,
    3,
    4,
    5,
    6,
    7,
    8,
    9,
    10,
    11,
    12,
    13,
    14,
    15,
    16,
    17,
    18,
    19,
    20,
    21,
    22,
    23,
    24,
    25,
    26,
    27,
    28,
    29,
    30,
    31,
    32,
    33,
    34,
    35,
    36,
    37,
    38,
    39,
    40,
    41,
    42,
    43,
    44,
    45,
    46,
    47,
    48,
    49,
    50,
    51,
    52,
    53,
    54,
    55
  ],
  "train_loss": [
    0.7288428554168114,
    0.5907063942689162,
    0.5313637109903189,
    0.4846583393903879,
    0.4458692504809453,
    0.4361293627665593,
    0.3817154985207778,
    0.319836511520239,
    0.3324012999351208,
    0.29468092643297633,
    0.30427955985069277,
    0.28248531772540164,
    0.26959705352783203,
    0.2432141987177042,
    0.2381397212927158,
    0.20026699098256917,
    0.1783234009375939,
    0.2657174656024346,
    0.1820269802441964,
    0.16918105437205389,
    0.1596357721548814,
    0.17457956224679946,
    0.13793081091000484,
    0.1430404265339558,
    0.17343122913287237,
    0.15075419315925012,
    0.11517808517584434,
    0.11853438535561929,
    0.11607749450665254,
    0.09829422487662388,
    0.10171104572140253,
    0.08174100237397047,
    0.04874273254894293,
    0.036117564199062493,
    0.046451480944569294,
    0.0341274055150839,
    0.02566376092055669,
    0.031930182157800746,
    0.02473766478494956,
    0.02517808061093092,
    0.024032514857558102,
    0.03766780925484804,
    0.01909115041534488,
    0.023103921982244802,
    0.015595162674211538,
    0.010258786376708975,
    0.016576705493319494,
    0.011180051129597884,
    0.011621198255138902,
    0.013413552653331023,
    0.010177050631206769,
    0.008840411629241247,
    0.01055955275749931,
    0.008592742273154166,
    0.010164925473957108
  ],
  "val_loss": [
    0.4795451521873474,
    0.6785693883895874,
    0.6440762877464294,
    0.49818886518478395,
    0.6908516883850098,
    0.5470291078090668,
    0.43514307737350466,
    0.5213939785957337,
    0.6808103203773499,
    0.8393653154373169,
    0.5410101890563965,
    0.6278305053710938,
    0.6648040294647217,
    0.4923850893974304,
    0.6656582146883011,
    0.7326915681362152,
    0.7628324747085571,
    1.2486711502075196,
    1.1801626324653625,
    0.47362293004989625,
    0.9623910427093506,
    2.0027687907218934,
    0.8144889295101165,
    0.6519380211830139,
    0.8694795787334442,
    0.9607454001903534,
    0.967126339673996,
    0.6306457996368409,
    0.9324806272983551,
    0.8220325529575347,
    0.7361193597316742,
    0.6988838613033295,
    0.8214530885219574,
    0.7121601223945617,
    0.7253152012825013,
    0.6642011284828186,
    0.9045854687690735,
    0.9100417971611023,
    0.8671637952327729,
    0.8127381265163421,
    0.8312378585338592,
    0.9257225453853607,
    0.9042447209358215,
    0.6982779800891876,
    0.6591160237789154,
    0.7219465017318726,
    0.752745395898819,
    0.8646802306175232,
    0.8600309729576111,
    0.8086170434951783,
    0.7974324584007263,
    0.8479103207588196,
    0.7933062314987183,
    0.7941123306751251,
    0.87813880443573
  ],
  "val_f1": [
    0.7001248751248751,
    0.6439571456109624,
    0.5196391459953104,
    0.6753362797540902,
    0.42271944681352763,
    0.5659954421129855,
    0.6842598241687241,
    0.586643415621782,
    0.5910930128708038,
    0.5393601176178914,
    0.6987752760508841,
    0.6977044424595142,
    0.6784869304875987,
    0.685892412791147,
    0.6666046431716168,
    0.6190115934670389,
    0.6693533133015525,
    0.3711597369492107,
    0.47884106318913416,
    0.7937257891603282,
    0.6141488653936059,
    0.42264250979808793,
    0.5994427054104051,
    0.7045939318059526,
    0.5993553090352487,
    0.5563642572939299,
    0.5035694824810746,
    0.673796423061542,
    0.6196460909557604,
    0.6715028886908527,
    0.7169120014111525,
    0.7158104567093331,
    0.6750542162779318,
    0.7166919238341618,
    0.7328829831189179,
    0.6956024344764383,
    0.6503601901382116,
    0.6842689464676138,
    0.6629275008405443,
    0.6940655835392677,
    0.7009245602527528,
    0.674312388166669,
    0.6639740691036045,
    0.7560875199110512,
    0.7438269563879384,
    0.728668545090428,
    0.7225746418526987,
    0.6690797812103407,
    0.6880917952937671,
    0.7095718094989085,
    0.7039408271344096,
    0.7003127806698581,
    0.7241581851829536,
    0.71090174097925,
    0.6953797736488532
  ],
  "val_finger_accuracy": [
    0.7812500000000001,
    0.70125,
    0.7587499999999998,
    0.7975000000000001,
    0.7487499999999999,
    0.74375,
    0.79875,
    0.7525000000000001,
    0.79375,
    0.6475000000000001,
    0.78125,
    0.825,
    0.81375,
    0.8175000000000001,
    0.8075000000000001,
    0.7675000000000001,
    0.7212500000000001,
    0.7387500000000001,
    0.75875,
    0.8550000000000001,
    0.64,
    0.7475,
    0.7525000000000001,
    0.77375,
    0.77,
    0.775,
    0.7612500000000001,
    0.8012500000000001,
    0.8,
    0.7575000000000001,
    0.8174999999999999,
    0.83375,
    0.8225,
    0.83625,
    0.83625,
    0.8237500000000001,
    0.80375,
    0.8237500000000001,
    0.7875,
    0.8225,
    0.8175000000000001,
    0.82,
    0.8175000000000001,
    0.8487500000000001,
    0.8487499999999999,
    0.8400000000000001,
    0.8324999999999999,
    0.8175000000000001,
    0.8275,
    0.8324999999999999,
    0.8300000000000001,
    0.83125,
    0.8412500000000002,
    0.83125,
    0.8262500000000002
  ]
}